SID,era,trk,delta_km,horizon
1940320N13085,45.95032815773156,60.06400196285617,14.113673805124606,24h
1942213N22090,129.40542944302257,91.35219635550122,-38.05323308752135,24h
1942287N17090,127.65207509426457,132.1078008230705,4.45572572880593,24h
1944227N23084,130.16633577373528,104.61954091974775,-25.546794853987535,24h
1944231N19089,74.94442126876851,94.06768468888771,19.1232634201192,24h
1945177N23085,67.37962246568856,71.7170639830153,4.337441517326738,24h
1946213N20089,128.4061947028676,126.82119618340927,-1.584998519458324,24h
1946257N20089,123.06248627511837,127.23563659462502,4.173150319506647,24h
1946340N11086,124.7519032099583,120.30337337960175,-4.448529830356549,24h
1947345N08092,148.68294342999803,155.1077842725968,6.424840842598769,24h
1948225N18087,87.57194119959493,73.65050243959959,-13.92143875999534,24h
1950160N19091,79.74904212625026,79.26567956538997,-0.48336256086028584,24h
1950192N25079,48.22771384372906,50.37308957456312,2.145375730834054,24h
1950221N21089,69.47051183922903,98.63870457041476,29.168192731185727,24h
1950336N07086,146.64836289383402,178.71985268001342,32.0714897861794,24h
1951340N08090,89.36398789646053,97.82347559787137,8.459487701410836,24h
1952186N21089,124.08037967508636,80.8505720272222,-43.22980764786416,24h
1952209N22087,66.40078162550714,63.48536808429405,-2.915413541213084,24h
1955273N18090,165.46595600510756,167.8915722918749,2.4256162867673368,24h
1956150N22090,68.65984983192355,66.95670487464697,-1.703144957276578,24h
1956227N18088,130.08734982302977,114.87347600945591,-15.213873813573855,24h
1958136N16088,57.36966262711842,78.3101385448773,20.94047591775888,24h
1958251N20090,92.37110466598179,86.39947668826323,-5.971627977718555,24h
1958279N10086,98.88091106795989,97.7132630698878,-1.1676479980720842,24h
1960182N20089,87.45662298655148,105.84417052264709,18.38754753609561,24h
1960302N08090,119.43876205559562,126.64547388157462,7.206711825978999,24h
1961125N11096,51.880595313965614,47.723149917261225,-4.157445396704389,24h
1962343N10090,151.90060257758628,159.01259146609237,7.11198888850609,24h
1963221N20089,120.30693520468117,119.88366399340028,-0.4232712112808912,24h
1963274N15115,89.14531280799966,83.4649146182979,-5.680398189701762,24h
1963334N05090,72.45526901740344,73.5627559617206,1.1074869443171593,24h
1964222N20090,70.31425255973124,64.89031472818333,-5.423937831547917,24h
1964267N21089,136.99414414405408,123.09410355686137,-13.900040587192706,24h
1964291N16091,98.50921534930589,112.28695433205127,13.777738982745376,24h
1965129N14085,144.50996083413497,117.6984973162501,-26.811463517884874,24h
1965207N21090,39.91305906645552,35.41912277254268,-4.493936293912839,24h
1965238N14114,247.64596722770847,239.29706866789292,-8.348898559815552,24h
1966341N08088,114.62958891488523,122.41927342852145,7.789684513636217,24h
1967207N20088,167.63796412696954,163.8958213266916,-3.7421428002779464,24h
1968307N11087,64.04942431614532,54.62975589264492,-9.419668423500397,24h
1969308N12095,63.8778994572711,69.58041347070274,5.702514013431639,24h
1969355N04091,82.14895153598445,97.83268711217178,15.683735576187331,24h
1970324N05143,140.12379889894927,143.068183537319,2.944384638369712,24h
1971267N12130,72.01970878042737,78.45257529431709,6.432866513889721,24h
1971308N11092,144.46972066709975,149.67458562254959,5.204864955449835,24h
1972335N08116,109.91871082025543,107.23484104599147,-2.683869774263954,24h
1973193N20089,177.5172073912438,179.15292047717338,1.6357130859295808,24h
1973200N21088,103.50424087761245,119.83653370535616,16.332292827743714,24h
1975007N08092,111.4840367394016,120.66597434258611,9.181937603184508,24h
1975305N15085,69.31763985346858,66.32637450038091,-2.9912653530876696,24h
1976240N21083,102.71192894428712,99.54100813256467,-3.1709208117224534,24h
1976308N13088,110.3649984948266,80.26823195915462,-30.096766535671975,24h
1978217N16129,113.47425937534884,106.8187057910988,-6.655553584250043,24h
1984213N20089,90.9457999181324,89.80811665977379,-1.1376832583586065,24h
1985284N05159,90.02024401554829,92.27718699246658,2.256942976918296,24h
1985317N12082,183.28989019203317,154.53956017461024,-28.750330017422925,24h
1986228N19120,171.2964207806539,164.31371082785725,-6.982709952796654,24h
1987219N08134,82.42681929948877,101.16246917518215,18.735649875693383,24h
1987336N10085,78.32343893803011,83.06105463716065,4.737615699130544,24h
1988327N06100,91.58364852856113,91.01078089100366,-0.5728676375574651,24h
1988341N08090,87.79707117990506,85.68498307478778,-2.11208810511728,24h
1990226N19088,163.4945135331847,180.73043528724446,17.235921754059774,24h
1990272N11121,78.74930757909408,82.36083902289873,3.611531443804651,24h
1990348N04087,138.69667329029363,145.42552966134215,6.728856371048522,24h
1993336N05164,148.05697582590105,154.03785269337843,5.980876867477377,24h
1994302N11086,125.71766911496813,127.96359552642762,2.245926411459493,24h
1996122N08092,54.293990821570546,54.112314608905265,-0.18167621266528045,24h
1996163N08088,121.74338115219325,118.00683979262563,-3.7365413595676245,24h
1997216N20091,195.29269987071598,182.72445512572978,-12.568244744986202,24h
1998299N11090,154.68053765072727,139.69320256274187,-14.9873350879854,24h
1998343N08114,74.84052263322519,82.26108419182596,7.420561558600767,24h
2000289N15089,79.97300484800955,50.27323490334811,-29.69976994466144,24h
2003295N09101,110.7074788951046,95.97808516462055,-14.729393730484048,24h
2005330N09096,112.52438292803478,108.48471139535188,-4.0396715326829025,24h
2005349N06090,108.39978843401312,114.75794257741677,6.358154143403652,24h
2010137N10090,108.6443270356095,133.69043479328815,25.04610775767864,24h
2010293N17093,133.76581032145918,148.74513291663666,14.979322595177479,24h
2010305N06105,47.423449825676265,44.141602732890405,-3.28184709278586,24h
2016230N21089,112.83335006458478,102.21805908246448,-10.6152909821203,24h
2016295N13089,110.75843826041346,109.20269327775438,-1.5557449826590783,24h
2016308N13088,109.89270720312891,109.96352198846974,0.07081478534082919,24h
2017232N19130,137.98161401806615,137.81277064213498,-0.16884337593117493,24h
2017307N07102,258.220776286572,274.69502356526675,16.474247278694747,24h
2017333N06082,100.32416844078155,87.9973739740254,-12.326794466756155,24h
2018365N08115,124.51577419326205,125.1542382344424,0.6384640411803559,24h
2019116N02090,110.51481811623654,104.27676273909653,-6.2380553771400145,24h
2020353N06129,100.91723605203985,115.14223967143427,14.225003619394414,24h
2022062N06085,102.48663426773982,104.88076833066769,2.3941340629278756,24h
1940320N13085,136.80808604876313,151.47297111402577,14.664885065262638,48h
1942213N22090,378.08088068050733,272.92226273192796,-105.15861794857938,48h
1942287N17090,230.16134376246004,261.28631804220663,31.124974279746596,48h
1944227N23084,399.33815680301564,344.88857681988264,-54.44957998313299,48h
1944231N19089,139.2937368230024,165.68721846699367,26.393481643991265,48h
1945177N23085,294.59452008620974,184.8604285268515,-109.73409155935823,48h
1946213N20089,340.494933269062,323.0030556181792,-17.491877650882827,48h
1946257N20089,273.608971294258,292.7346483977278,19.125677103469798,48h
1946340N11086,355.4490857874772,447.66352149449096,92.21443570701376,48h
1947345N08092,336.0236942398178,398.0405528757523,62.01685863593451,48h
1948225N18087,146.18501860637153,174.59465897718076,28.409640370809228,48h
1950160N19091,142.8627135637822,149.38526026356038,6.522546699778189,48h
1950192N25079,129.03032688332254,106.56263267733308,-22.46769420598946,48h
1950221N21089,175.6011486309523,234.39497842759687,58.79382979664456,48h
1950336N07086,346.9354342496216,401.772068593579,54.83663434395737,48h
1951340N08090,236.14295808543758,245.3268786673423,9.183920581904715,48h
1952186N21089,279.44162924395704,190.82694689750852,-88.61468234644852,48h
1952209N22087,240.62537640006974,150.89801249888683,-89.72736390118291,48h
1955273N18090,428.04867644258115,487.9772694064475,59.92859296386632,48h
1956150N22090,186.74565665004323,221.5253495053548,34.779692855311566,48h
1956227N18088,493.13058684975533,454.39607841554965,-38.73450843420568,48h
1958136N16088,262.81894254274056,274.470458717576,11.651516174835422,48h
1958251N20090,204.76683695813156,172.42818949800548,-32.33864746012608,48h
1958279N10086,171.27684109092309,152.57028787779043,-18.70655321313265,48h
1960182N20089,180.48544109751492,215.47717525988776,34.991734162372836,48h
1960302N08090,479.3175780153722,516.1672468833411,36.849668867968944,48h
1961125N11096,250.99654846343876,270.67656316663926,19.6800147032005,48h
1962343N10090,464.2234422184572,514.2828703422001,50.05942812374292,48h
1963221N20089,208.7130135597885,233.96044137444596,25.24742781465747,48h
1963274N15115,305.6473370011708,314.47952091552406,8.832183914353266,48h
1963334N05090,229.5634026336519,229.69857616565886,0.13517353200697357,48h
1964222N20090,219.0107092018406,190.62121420398256,-28.389494997858037,48h
1964267N21089,313.86299978800184,359.9546320373008,46.09163224929898,48h
1964291N16091,202.4084734258587,214.68792232661295,12.27944890075426,48h
1965129N14085,360.7986375740544,365.4991061022779,4.700468528223496,48h
1965207N21090,193.978761325558,205.05754071368352,11.078779388125525,48h
1965238N14114,369.2731143160908,383.4677212230202,14.19460690692938,48h
1966341N08088,367.47257166477726,301.58249313350024,-65.89007853127703,48h
1967207N20088,410.28680794676643,384.82449158775097,-25.46231635901546,48h
1968307N11087,144.2271566729496,112.97729880452228,-31.249857868427327,48h
1969308N12095,224.03062687520742,249.0142985262629,24.983671651055488,48h
1969355N04091,239.38285328841096,269.83914425303664,30.45629096462568,48h
1970324N05143,341.1867315577101,359.6631648657559,18.476433308045785,48h
1971267N12130,183.40195776421632,194.0505672436628,10.648609479446492,48h
1971308N11092,656.8063388545161,656.3647152079105,-0.4416236466055352,48h
1972335N08116,299.44899352011464,310.1230092448875,10.674015724772858,48h
1973193N20089,47.108701145731715,63.99395865315232,16.885257507420604,48h
1973200N21088,204.6072671997536,238.05746237756185,33.45019517780824,48h
1975007N08092,369.7026831799771,441.1631064661674,71.46042328619029,48h
1975305N15085,255.09210662795374,282.6431331100585,27.55102648210476,48h
1976240N21083,305.0511796463868,278.4731246167667,-26.57805502962009,48h
1976308N13088,468.5828978432003,442.9955004747459,-25.587397368454447,48h
1978217N16129,266.4507339690714,289.99428503579753,23.54355106672614,48h
1984213N20089,192.24184496899346,148.8272308406801,-43.41461412831336,48h
1985284N05159,149.97162944915522,147.22160689562952,-2.750022553525696,48h
1985317N12082,361.94283137044397,338.92157716625763,-23.021254204186334,48h
1986228N19120,541.7045644031991,468.5224587072441,-73.18210569595504,48h
1987219N08134,177.7307615175264,223.8973462828784,46.16658476535201,48h
1987336N10085,227.86674261405014,189.92006091223348,-37.94668170181666,48h
1988327N06100,235.30693859691948,262.253199450149,26.946260853229518,48h
1988341N08090,394.24177521210936,417.90730200523404,23.665526793124684,48h
1990226N19088,310.25249268032354,352.6735975978866,42.42110491756307,48h
1990272N11121,165.29953107672353,164.84064096049266,-0.4588901162308616,48h
1990348N04087,447.8538205481742,495.82757751117566,47.97375696300145,48h
1993336N05164,414.94994725481416,421.39029376450156,6.4403465096874015,48h
1994302N11086,155.6646656171358,208.81363442140199,53.14896880426619,48h
1996122N08092,122.08147996649465,124.1724767055024,2.0909967390077497,48h
1996163N08088,324.51781461026553,340.4061620812236,15.888347470958081,48h
1997216N20091,291.4573163030231,222.84197702069068,-68.61533928233243,48h
1998299N11090,317.42497274326155,380.7505102081544,63.325537464892875,48h
1998343N08114,213.38207650914842,180.431631089789,-32.950445419359426,48h
2000289N15089,236.01651701228033,167.25389909768774,-68.7626179145926,48h
2003295N09101,271.51180369148136,256.99080128174717,-14.521002409734194,48h
2005330N09096,181.60180965373306,189.9120986780417,8.310289024308645,48h
2005349N06090,219.0382940845731,257.3116335423877,38.273339457814615,48h
2010137N10090,224.75284210798424,331.72507594719923,106.972233839215,48h
2010293N17093,515.9700246185467,507.63613183936474,-8.333892779182008,48h
2010305N06105,118.48029452268486,94.81989139001914,-23.66040313266572,48h
2016230N21089,225.08178434196776,210.2817399475417,-14.800044394426067,48h
2016295N13089,290.730852883846,312.5919326749085,21.86107979106248,48h
2016308N13088,487.4893904705218,508.15307428831,20.663683817788183,48h
2017232N19130,390.4080581058129,330.1638244469605,-60.24423365885241,48h
2017307N07102,643.2072979051171,684.5372252321591,41.329927327042014,48h
2017333N06082,251.7009225191516,227.47716983678674,-24.223752682364847,48h
2018365N08115,162.2929932427889,179.30253959463252,17.009546351843625,48h
2019116N02090,217.02992507728774,205.44367087934836,-11.586254197939382,48h
2020353N06129,222.58189261209216,195.11449124139142,-27.467401370700742,48h
2022062N06085,186.86359284192585,218.6194260110685,31.755833169142647,48h
